<?xml version="1.0"?>
<AirExplorer version="0.1">
  <properties>
    <property key="SearchListColumnWidth-2" value="213" type="int" />
    <property key="leftPanelPages-aliases" type="string[]">
      <entry>local</entry>
      <entry>cgkings</entry>
    </property>
    <property key="TasksListColumnWidth-7" value="202" type="int" />
    <property key="ClearCompleted" value="1" type="int" />
    <property key="ScheduledTasksListColumnPosition-2" value="2" type="int" />
    <property key="ShowHiddenFiles" value="False" type="bool" />
    <property key="SearchListColumnPosition-5" value="5" type="int" />
    <property key="WindowWidth" value="2250" type="int" />
    <property key="SaveLogs" value="False" type="bool" />
    <property key="FilesListColumnWidth-0" value="604" type="int" />
    <property key="SearchListColumnPosition-1" value="1" type="int" />
    <property key="TasksListColumnWidth-3" value="195" type="int" />
    <property key="EnableDownloadSpeedLimit" value="False" type="bool" />
    <property key="LocalTreeVisible" value="True" type="bool" />
    <property key="email.prefix" value="[Air Explorer] " type="string" />
    <property key="WindowLocationY" value="0" type="int" />
    <property key="leftPanelPages-providers" type="string[]">
      <entry>local</entry>
      <entry>GoogleDrive</entry>
    </property>
    <property key="ScheduledTasksListColumnPosition-0" value="0" type="int" />
    <property key="StartupPassword" value="" type="string" />
    <property key="LogFileSize" value="100" type="int" />
    <property key="TasksListColumnPosition-5" value="5" type="int" />
    <property key="email.password" value="" type="string" />
    <property key="EnablePassword" value="False" type="bool" />
    <property key="FilesListColumnWidth-2" value="90" type="int" />
    <property key="DefailtProxyAuth" value="True" type="bool" />
    <property key="SearchListColumnPosition-3" value="3" type="int" />
    <property key="leftPanelPages-path" type="string[]">
      <entry>桌面\此电脑\Data (D:)\download</entry>
      <entry>Drive [[Gsuit]0personal]/7 AD/JAV/流出软中未校对/JULIA PPPD-102-C</entry>
    </property>
    <property key="FilesListColumnPosition-3" value="3" type="int" />
    <property key="FilesListColumnPosition-2" value="2" type="int" />
    <property key="FilesListColumnPosition-1" value="1" type="int" />
    <property key="FilesListColumnPosition-0" value="0" type="int" />
    <property key="EnableParallelChunks" value="False" type="bool" />
    <property key="EnableUploadSpeedLimit" value="False" type="bool" />
    <property key="ScheduledTasksListColumnWidth-1" value="82" type="int" />
    <property key="ScheduledTasksListColumnWidth-0" value="163" type="int" />
    <property key="ScheduledTasksListColumnWidth-3" value="126" type="int" />
    <property key="LogToNewFile" value="False" type="bool" />
    <property key="ScheduledTasksListColumnWidth-4" value="127" type="int" />
    <property key="email.prefixenable" value="True" type="bool" />
    <property key="ProxyUser" value="" type="string" />
    <property key="email.from" value="" type="string" />
    <property key="Theme" value="Auto" type="string" />
    <property key="email.port" value="465" type="string" />
    <property key="TasksListColumnPosition-6" value="6" type="int" />
    <property key="TasksListColumnPosition-7" value="7" type="int" />
    <property key="LogFolder" value="C:\Users\frreq\AppData\Roaming\AirExplorer\" type="string" />
    <property key="SimultaneousDownloads" value="5" type="int" />
    <property key="TasksListColumnPosition-2" value="2" type="int" />
    <property key="TasksListColumnPosition-3" value="3" type="int" />
    <property key="email.enablessl" value="True" type="bool" />
    <property key="TasksListColumnPosition-1" value="1" type="int" />
    <property key="SearchListColumnPosition-4" value="4" type="int" />
    <property key="MinimizeToTray" value="False" type="bool" />
    <property key="FilesListColumnWidth-1" value="155" type="int" />
    <property key="SearchListColumnWidth-3" value="181" type="int" />
    <property key="SearchListColumnPosition-0" value="0" type="int" />
    <property key="email.destination" value="" type="string" />
    <property key="rightPanelPages-path" type="string[]">
      <entry>桌面\此电脑\Data (D:)\download</entry>
      <entry>Drive [[Gsuit]cgking00#_转存盘]</entry>
    </property>
    <property key="DownloadSpeedLimit" value="700" type="int" />
    <property key="ScheduledTasksListColumnPosition-1" value="1" type="int" />
    <property key="CommandLinePassword" value="" type="string" />
    <property key="TasksListColumnWidth-1" value="840" type="int" />
    <property key="WindowHeight" value="1541" type="int" />
    <property key="ScheduledTasksListColumnPosition-3" value="3" type="int" />
    <property key="email.server" value="" type="string" />
    <property key="TasksListColumnPosition-4" value="4" type="int" />
    <property key="SimultaneousUploads" value="5" type="int" />
    <property key="SearchListColumnPosition-2" value="2" type="int" />
    <property key="TasksListColumnWidth-6" value="136" type="int" />
    <property key="FilesListColumnWidth-3" value="209" type="int" />
    <property key="rightPanelPages-providers" type="string[]">
      <entry>local</entry>
      <entry>GoogleDrive</entry>
    </property>
    <property key="TasksListColumnPosition-0" value="0" type="int" />
    <property key="ScheduledTasksListColumnPosition-4" value="4" type="int" />
    <property key="EnableCommandLine" value="False" type="bool" />
    <property key="WindowLocationX" value="321" type="int" />
    <property key="leftPanelPages-accounts" type="string[]">
      <entry>local</entry>
      <entry>shuang liu</entry>
    </property>
    <property key="rightPanelPages-aliases" type="string[]">
      <entry>local</entry>
      <entry>cgkings</entry>
    </property>
    <property key="Language" value="zh-CN" type="string" />
    <property key="Retries" value="6" type="int" />
    <property key="DeleteNoBin" value="False" type="bool" />
    <property key="StartMaximized" value="True" type="bool" />
    <property key="TasksListColumnWidth-5" value="105" type="int" />
    <property key="rightPanelPages-accounts" type="string[]">
      <entry>local</entry>
      <entry>shuang liu</entry>
    </property>
    <property key="EnableBandwidthScheduller" value="False" type="bool" />
    <property key="email.fromname" value="" type="string" />
    <property key="ScheduledTasksListColumnWidth-2" value="327" type="int" />
    <property key="MaxRetries" value="6" type="int" />
    <property key="UploadSpeedLimit" value="700" type="int" />
    <property key="TasksListColumnWidth-4" value="103" type="int" />
    <property key="TasksListColumnWidth-2" value="662" type="int" />
    <property key="TasksListColumnWidth-0" value="146" type="int" />
    <property key="DetailedLog" value="False" type="bool" />
    <property key="email.user" value="" type="string" />
    <property key="localListViewMode" value="details" type="string" />
    <property key="SearchListColumnWidth-5" value="991" type="int" />
    <property key="SearchListColumnWidth-4" value="234" type="int" />
    <property key="ProxyPass" value="" type="string" />
    <property key="SearchListColumnWidth-1" value="110" type="int" />
    <property key="SearchListColumnWidth-0" value="248" type="int" />
    <property key="OnePanel" value="False" type="bool" />
  </properties>
</AirExplorer>